-- Inserindo autores
INSERT INTO autor (cod_autor, nome_autor) VALUES
                                              (1, 'Machado de Assis'),
                                              (2, 'José Saramago'),
                                              (3, 'Gabriel García Márquez'),
                                              (4, 'Jorge Amado'),
                                              (5, 'Clarice Lispector'),
                                              (6, 'Ernest Hemingway'),
                                              (7, 'Jane Austen'),
                                              (8, 'George Orwell'),
                                              (9, 'Fiódor Dostoiévski'),
                                              (10, 'J.K. Rowling'),
                                              (11, 'J.R.R. Tolkien'),
                                              (12, 'Agatha Christie'),
                                              (13, 'Stephen King'),
                                              (14, 'Haruki Murakami'),
                                              (15, 'Isabel Allende');

-- Inserindo livros
INSERT INTO livro (cod_livro, titulo_livro, editora_livro, edicao_livro, ano_publicacao_livro, preco) VALUES
                                                                                                          (1, 'Dom Casmurro', 'Editora A', 1, '1899', 39.90),
                                                                                                          (2, 'Memórias Póstumas de Brás Cubas', 'Editora B', 1, '1881', 29.90),
                                                                                                          (3, 'O Evangelho Segundo Jesus Cristo', 'Editora C', 1, '1991', 49.90),
                                                                                                          (4, 'Ensaio Sobre a Cegueira', 'Editora D', 1, '1995', 44.90),
                                                                                                          (5, 'Cem Anos de Solidão', 'Editora E', 1, '1967', 59.90),
                                                                                                          (6, 'O Amor nos Tempos do Cólera', 'Editora F', 1, '1985', 34.90),
                                                                                                          (7, 'Capitães da Areia', 'Editora G', 1, '1937', 19.90),
                                                                                                          (8, 'Gabriela, Cravo e Canela', 'Editora H', 1, '1958', 39.90),
                                                                                                          (9, 'A Hora da Estrela', 'Editora I', 1, '1977', 24.90),
                                                                                                          (10, 'Perto do Coração Selvagem', 'Editora J', 1, '1943', 29.90),
                                                                                                          (11, 'O Velho e o Mar', 'Editora K', 1, '1952', 34.90),
                                                                                                          (12, 'Por Quem os Sinos Dobram', 'Editora L', 1, '1940', 49.90),
                                                                                                          (13, 'Orgulho e Preconceito', 'Editora M', 1, '1813', 19.90),
                                                                                                          (14, 'Emma', 'Editora N', 1, '1815', 24.90),
                                                                                                          (15, '1984', 'Editora O', 1, '1949', 29.90),
                                                                                                          (16, 'A Revolução dos Bichos', 'Editora P', 1, '1945', 19.90),
                                                                                                          (17, 'Crime e Castigo', 'Editora Q', 1, '1866', 44.90),
                                                                                                          (18, 'Os Irmãos Karamázov', 'Editora R', 1, '1880', 49.90),
                                                                                                          (19, 'Harry Potter e a Pedra Filosofal', 'Editora S', 1, '1997', 59.90),
                                                                                                          (20, 'Harry Potter e a Câmara Secreta', 'Editora T', 1, '1998', 59.90),
                                                                                                          (21, 'O Senhor dos Anéis: A Sociedade do Anel', 'Editora U', 1, '1954', 79.90),
                                                                                                          (22, 'O Senhor dos Anéis: As Duas Torres', 'Editora V', 1, '1954', 79.90),
                                                                                                          (23, 'Assassinato no Expresso do Oriente', 'Editora W', 1, '1934', 34.90),
                                                                                                          (24, 'Morte no Nilo', 'Editora X', 1, '1937', 29.90),
                                                                                                          (25, 'O Iluminado', 'Editora Y', 1, '1977', 39.90),
                                                                                                          (26, 'It: A Coisa', 'Editora Z', 1, '1986', 59.90),
                                                                                                          (27, 'Kafka à Beira-Mar', 'Editora AA', 1, '2002', 44.90),
                                                                                                          (28, 'Norwegian Wood', 'Editora BB', 1, '1987', 39.90),
                                                                                                          (29, 'A Casa dos Espíritos', 'Editora CC', 1, '1982', 34.90),
                                                                                                          (30, 'Eva Luna', 'Editora DD', 1, '1987', 29.90);

-- Inserindo assuntos
INSERT INTO assunto (cod_assunto, descricao_assunto) VALUES
                                                         (1, 'Ficção Científica'),
                                                         (2, 'Fantasia'),
                                                         (3, 'Mistério'),
                                                         (4, 'Biografia'),
                                                         (5, 'História'),
                                                         (6, 'Tecnologia'),
                                                         (7, 'Ciência'),
                                                         (8, 'Romance'),
                                                         (9, 'Aventura'),
                                                         (10, 'Autoajuda');

-- Inserindo múltiplos autores para alguns livros
INSERT INTO livro_autor (cod_livro, cod_autor) VALUES
                                                   (1, 1), (1, 5),
                                                   (2, 1),
                                                   (3, 2), (3, 4),
                                                   (4, 2),
                                                   (5, 3),
                                                   (6, 3),
                                                   (7, 4),
                                                   (8, 4),
                                                   (9, 5),
                                                   (10, 5),
                                                   (11, 6),
                                                   (12, 6),
                                                   (13, 7),
                                                   (14, 7),
                                                   (15, 8),
                                                   (16, 8),
                                                   (17, 9),
                                                   (18, 9),
                                                   (19, 10), (19, 12),
                                                   (20, 10),
                                                   (21, 11), (21, 8),
                                                   (22, 11),
                                                   (23, 12),
                                                   (24, 12),
                                                   (25, 13),
                                                   (26, 13),
                                                   (27, 14),
                                                   (28, 14),
                                                   (29, 15),
                                                   (30, 15);

-- Inserindo associações de assuntos
INSERT INTO livro_assunto (cod_livro, cod_assunto) VALUES
                                                       (1, 4), (1, 8),
                                                       (2, 4), (2, 10),
                                                       (3, 9), (3, 5),
                                                       (4, 9),
                                                       (5, 7), (5, 8),
                                                       (6, 8),
                                                       (7, 5),
                                                       (8, 5),
                                                       (9, 4), (9, 8),
                                                       (10, 4),
                                                       (11, 9),
                                                       (12, 9),
                                                       (13, 8),
                                                       (14, 8),
                                                       (15, 1), (15, 8),
                                                       (16, 1),
                                                       (17, 9),
                                                       (18, 9),
                                                       (19, 2), (19, 1),
                                                       (20, 2),
                                                       (21, 2), (21, 9),
                                                       (22, 2),
                                                       (23, 3),
                                                       (24, 3),
                                                       (25, 6), (25, 3),
                                                       (26, 3),
                                                       (27, 7),
                                                       (28, 8),
                                                       (29, 5),
                                                       (30, 10);
